location_id,country,location,lower_age,upper_age,Mean,x025,x975
5,Brazil,Maranhao,0,9,38.4564375,30.1000383,46.9908411
5,Brazil,Maranhao,10,19,37.6426328,32.4319223,43.0251725
5,Brazil,Maranhao,20,29,42.981459,38.1900957,47.7565051
5,Brazil,Maranhao,30,39,35.7461709,31.4663905,40.2088954
5,Brazil,Maranhao,40,49,37.9758093,33.7808024,42.4213779
5,Brazil,Maranhao,50,59,33.4875652,29.373081,37.6660502
5,Brazil,Maranhao,60,69,35.1220241,30.5681695,39.866554
5,Brazil,Maranhao,70,100,35.1249491,30.3779736,39.9603344
11,India,Delhi,0,17,47.0391462,42.8223806,51.7420755
11,India,Delhi,18,49,39.9090591,36.6311378,43.3893829
11,India,Delhi,50,100,46.7052789,42.6037462,51.1774065
12,India,Karnataka,10,19,41.734386,28.8815721,55.5058073
12,India,Karnataka,20,29,40.7681702,32.5853241,49.2227669
12,India,Karnataka,30,39,42.2870488,34.9227042,49.9402138
12,India,Karnataka,40,49,50.0090586,43.9425447,56.2938394
12,India,Karnataka,50,59,47.735635,40.5669389,55.1804662
12,India,Karnataka,60,69,43.6971741,33.0054485,54.7659097
12,India,Karnataka,70,79,39.9949284,23.2821938,58.1766478
12,India,Karnataka,80,100,39.4735271,17.1327351,64.6938425
13,India,Pimpri-Chinchwad,0,17,43.9224078,39.0816423,48.9788119
13,India,Pimpri-Chinchwad,18,30,37.4836318,34.4007554,40.7168579
13,India,Pimpri-Chinchwad,31,50,39.652872,36.5103854,42.9331168
13,India,Pimpri-Chinchwad,51,65,44.7108351,39.8052556,49.8246001
13,India,Pimpri-Chinchwad,66,100,35.7398832,29.8897581,42.0398409
16,India,Puducherry,0,29,20.0706553,14.3492541,26.3689487
16,India,Puducherry,30,44,21.0519243,16.5232608,25.922554
16,India,Puducherry,45,59,23.6896364,18.8205274,28.9685215
16,India,Puducherry,60,100,17.0802489,12.0334275,22.780737
18,India,West Bengal (only Paschim Medinipur),0,19,20.3096396,5.2224713,42.5252174
18,India,West Bengal (only Paschim Medinipur),20,45,6.870475,1.9161584,13.7737398
18,India,West Bengal (only Paschim Medinipur),46,59,9.4048505,2.1510337,20.9367531
18,India,West Bengal (only Paschim Medinipur),60,100,11.3089071,1.8601881,27.9621099
19,India,Chennai,0,18,28.0669291,25.317485,30.9140611
19,India,Chennai,19,29,26.749493,24.4565216,29.1651774
19,India,Chennai,30,39,26.7893372,24.585991,29.0828119
19,India,Chennai,40,49,27.6065247,25.340503,29.9649249
19,India,Chennai,50,59,24.8948235,22.5816048,27.2944909
19,India,Chennai,60,100,18.576928,16.5982175,20.6649369
24,Mozambique,Maputo city,0,14,3.3644983,2.3007621,4.5723857
24,Mozambique,Maputo city,15,34,4.4437636,3.3792611,5.6111908
24,Mozambique,Maputo city,35,59,3.0413105,2.0793454,4.1374967
24,Mozambique,Maputo city,60,100,4.6531678,3.1674737,6.3547331
36,Kenya,Nairobi County,0,9,16.9466147,10.5342433,23.8881325
36,Kenya,Nairobi County,10,19,28.8649522,22.3932617,35.6880761
36,Kenya,Nairobi County,20,29,36.7734721,30.1666969,43.6464147
36,Kenya,Nairobi County,30,39,38.5632,31.5637902,46.0276967
36,Kenya,Nairobi County,40,49,36.4464209,27.7831433,45.695362
36,Kenya,Nairobi County,50,59,32.2291103,20.7473991,44.7714955
36,Kenya,Nairobi County,60,100,20.1208073,8.8688342,33.6925744
38,Argentina,Buenos Aires City,0,17,14.0043049,10.4049107,18.0499157
38,Argentina,Buenos Aires City,18,39,11.6931024,9.0907334,14.5347677
38,Argentina,Buenos Aires City,40,59,9.4117574,6.6571582,12.4692589
38,Argentina,Buenos Aires City,60,100,10.5216918,7.5763768,13.9116836
40,Argentina,Municipality of Hurlingham,18,30,17.2940986,11.5458321,23.9902785
40,Argentina,Municipality of Hurlingham,31,40,16.0095415,10.6664233,22.1437909
40,Argentina,Municipality of Hurlingham,41,50,12.3494951,7.8451458,17.697164
40,Argentina,Municipality of Hurlingham,51,60,15.2754517,9.8077509,21.6776476
40,Argentina,Municipality of Hurlingham,61,70,13.422989,9.1149625,18.3945254
40,Argentina,Municipality of Hurlingham,71,80,10.3870012,5.9940569,15.928202
40,Argentina,Municipality of Hurlingham,81,100,13.7334277,6.8497471,24.1517548
42,Bolivia,Santa Cruz,0,100,21.2527409,18.323146,23.860572
44,Colombia,Leticia,5,10,49.0750059,41.3247926,56.8006208
44,Colombia,Leticia,11,18,51.9309778,45.622145,58.2652397
44,Colombia,Leticia,19,40,54.2705257,49.9511331,58.6507096
44,Colombia,Leticia,41,60,48.6020173,43.3842739,54.0407832
44,Colombia,Leticia,61,100,43.5359883,36.1316878,51.1478354
45,Colombia,Barranquilla,5,10,52.8114966,43.7458309,61.7135186
45,Colombia,Barranquilla,11,18,59.485016,53.0193081,65.7408644
45,Colombia,Barranquilla,19,40,48.4639553,43.7718588,53.2415249
45,Colombia,Barranquilla,41,60,45.3245425,40.1829456,50.5169464
45,Colombia,Barranquilla,61,100,41.6370659,35.5581736,47.9148636
46,Colombia,Medellín,5,10,25.1011992,18.2863663,32.6699679
46,Colombia,Medellín,11,18,24.4461938,19.3667442,29.9997972
46,Colombia,Medellín,19,40,26.2542049,22.8665258,29.7261663
46,Colombia,Medellín,41,60,25.0610043,21.4157761,28.9055092
46,Colombia,Medellín,61,100,15.759384,12.5169416,19.3349974
48,Colombia,Bucaramanga,5,10,30.72698,19.7667234,43.0176235
48,Colombia,Bucaramanga,11,18,33.5127599,25.9896215,41.481496
48,Colombia,Bucaramanga,19,40,29.8259626,25.9718648,33.8192543
48,Colombia,Bucaramanga,41,60,25.606216,21.5907695,29.8154318
48,Colombia,Bucaramanga,61,100,23.2530722,18.469521,28.5681497
49,Colombia,Cucuta,5,10,36.2437018,27.4744027,45.4569654
49,Colombia,Cucuta,11,18,39.2972668,32.5315949,46.2818413
49,Colombia,Cucuta,19,40,39.1402217,34.8044168,43.5660432
49,Colombia,Cucuta,41,60,31.2260071,26.956299,35.7173628
49,Colombia,Cucuta,61,100,27.501682,22.1472677,33.1667405
50,Colombia,Villavicencio,5,10,20.9019248,13.7966146,29.0462093
50,Colombia,Villavicencio,11,18,35.507308,28.8562757,42.4365244
50,Colombia,Villavicencio,19,40,33.7717467,29.9238389,37.8159195
50,Colombia,Villavicencio,41,60,27.5314354,23.3705445,32.070815
50,Colombia,Villavicencio,61,100,23.1090508,17.8578772,28.7901978
51,Colombia,Bogotá,5,10,30.141274,24.3725051,36.2008592
51,Colombia,Bogotá,11,18,26.3649509,22.4884142,30.4099655
51,Colombia,Bogotá,19,40,28.8197077,26.6630294,31.0286209
51,Colombia,Bogotá,41,60,26.6700008,24.2755515,29.1754763
51,Colombia,Bogotá,61,100,16.8609088,14.1383293,19.7657799
52,Colombia,Cali,5,10,27.9903684,20.6194295,36.1542479
52,Colombia,Cali,11,18,28.4752253,22.8147741,34.482294
52,Colombia,Cali,19,40,28.1234489,24.7794215,31.5623449
52,Colombia,Cali,41,60,27.494971,23.8729441,31.3489714
52,Colombia,Cali,61,100,19.3793067,15.4991553,23.6200505
54,Colombia,Ipiales,5,10,31.1065917,21.7864641,41.3121979
54,Colombia,Ipiales,11,18,32.1674113,25.5455367,39.3583994
54,Colombia,Ipiales,19,40,32.2878908,28.5510931,36.149522
54,Colombia,Ipiales,41,60,30.49553,26.2335194,34.9173557
54,Colombia,Ipiales,61,100,22.1096582,16.9851116,27.7996157
59,Peru,Cusco Province,0,100,36.703867,34.2327919,39.3327864
60,Peru,Lambayeque,9,20,31.370425,24.3309024,39.4022962
60,Peru,Lambayeque,21,30,36.5209106,29.8978723,43.7532364
60,Peru,Lambayeque,31,40,41.724671,35.3353508,48.7476763
60,Peru,Lambayeque,41,50,36.4316414,30.170193,43.3115503
60,Peru,Lambayeque,51,60,35.1674037,28.7591199,42.4002635
60,Peru,Lambayeque,61,70,29.5737371,22.4962359,37.4429928
60,Peru,Lambayeque,71,80,23.8559294,16.1734726,32.8535061
60,Peru,Lambayeque,81,100,25.5215153,14.5376936,38.587324
63,Peru,Lima (Metropolitana) + Callao,0,11,21.9853281,18.0434846,26.1724699
63,Peru,Lima (Metropolitana) + Callao,12,17,22.849013,17.7018494,28.3775195
63,Peru,Lima (Metropolitana) + Callao,18,29,23.1359676,19.428786,26.9435811
63,Peru,Lima (Metropolitana) + Callao,30,59,21.5520336,19.0631318,24.1283586
63,Peru,Lima (Metropolitana) + Callao,60,100,18.192261,14.944262,21.6279092
64,Peru,"Iquitos, Loreto",0,11,69.8918897,62.8086748,76.7316558
64,Peru,"Iquitos, Loreto",12,17,69.6704279,59.842604,78.79676
64,Peru,"Iquitos, Loreto",18,29,53.1979277,45.0854613,61.2359165
64,Peru,"Iquitos, Loreto",30,59,66.2545158,59.8857308,72.3925866
64,Peru,"Iquitos, Loreto",60,100,69.0454073,56.6207135,80.3416303
73,Brazil,Sao Paulo,20,34,24.5728413,20.1419362,29.2471866
73,Brazil,Sao Paulo,35,44,29.7933088,24.2733757,35.6342307
73,Brazil,Sao Paulo,45,59,25.7787782,20.7934674,31.0919137
73,Brazil,Sao Paulo,60,100,24.62131,19.3414685,30.3171419
74,Brazil,Foz do Iguaçu,0,100,12.812079,9.6556724,15.3485966
77,India,Kashmir: Srinagar district,0,30,49.8172751,45.0570508,54.8243303
77,India,Kashmir: Srinagar district,31,50,49.5090148,45.4805422,53.7570099
77,India,Kashmir: Srinagar district,51,70,53.4459095,47.9963776,58.8363977
77,India,Kashmir: Srinagar district,71,100,59.5326932,45.9779811,73.0731424
78,Nepal,National Study,0,4,8.0148102,2.5961593,14.5989622
78,Nepal,National Study,5,14,6.2874494,2.2683008,10.2802383
78,Nepal,National Study,15,24,12.2213043,7.9948502,16.2411749
78,Nepal,National Study,25,34,11.8200275,7.5144544,16.0758881
78,Nepal,National Study,35,44,17.7965103,13.2351806,22.4172823
78,Nepal,National Study,45,54,14.02547,9.4835763,18.5231373
78,Nepal,National Study,55,64,15.4006032,10.5631967,20.3360852
78,Nepal,National Study,65,74,14.698065,8.9653181,20.8604285
78,Nepal,National Study,75,84,6.4625061,1.438296,13.6469386
78,Nepal,National Study,85,100,8.458146,1.3283136,21.2170775
80,Ethiopia,Addis Ababa #2,0,100,3.4065898,2.2054503,4.790617
81,Iran,National Study,0,17,11.5649701,9.0383771,14.0030215
81,Iran,National Study,18,39,11.5407546,9.2956165,13.6248041
81,Iran,National Study,40,59,15.2930724,12.804853,17.7461471
81,Iran,National Study,60,100,17.6888776,14.5062641,20.9927329
82,Mexico,National Study,0,19,21.1290341,19.6609486,22.6327011
82,Mexico,National Study,20,39,34.8215699,32.7735043,37.0365604
82,Mexico,National Study,40,59,26.0126468,24.1069541,27.9866883
82,Mexico,National Study,60,100,17.5382017,15.203747,20.0052969
83,India,Odisha: Bhubaneswar,0,29,2.1901448,0.5997709,4.6744014
83,India,Odisha: Bhubaneswar,30,39,1.4709857,0.2506361,3.6870348
83,India,Odisha: Bhubaneswar,40,49,1.9174092,0.5279144,4.0531605
83,India,Odisha: Bhubaneswar,50,59,3.5679629,1.3687006,6.7473286
83,India,Odisha: Bhubaneswar,60,100,2.4929105,0.7463544,5.1956411
84,India,Odisha: Berhampur,0,19,25.1573891,12.6915837,40.1016218
84,India,Odisha: Berhampur,20,29,33.2207155,26.0360952,40.7583237
84,India,Odisha: Berhampur,30,39,35.7058894,30.0362064,41.710926
84,India,Odisha: Berhampur,40,49,31.3637193,26.7459861,36.254876
84,India,Odisha: Berhampur,50,59,28.4225709,23.1588027,33.9677
84,India,Odisha: Berhampur,60,100,28.5672755,23.6152661,33.8126431
90,South Africa,Mitchells Plain,0,100,45.4036356,39.1378865,52.0429697
98,Ethiopia,Diredawa,0,24,5.8967236,2.6598502,10.2089636
98,Ethiopia,Diredawa,25,34,3.1933666,0.9399898,6.5927729
98,Ethiopia,Diredawa,35,44,5.2900992,1.9432237,9.9427222
98,Ethiopia,Diredawa,45,100,3.0656876,0.8948664,6.2843751
102,Zambia,Ndola + 5 other districts,0,100,2.6735905,0.9221899,3.8562895
120,Russia,St. Petersburg,0,34,11.6951949,7.8618571,15.7774903
120,Russia,St. Petersburg,35,49,7.7059838,4.2904566,11.3722412
120,Russia,St. Petersburg,50,64,11.4056262,6.7051978,16.7466633
120,Russia,St. Petersburg,65,100,5.7792742,1.2419496,13.1175008
121,China,Wuhan #1,0,9,2.4736756,1.5104783,3.6861227
121,China,Wuhan #1,10,19,2.5689496,1.598044,3.7781707
121,China,Wuhan #1,20,39,3.8554702,3.1347444,4.6447199
121,China,Wuhan #1,40,59,4.7961053,4.0314333,5.6274455
121,China,Wuhan #1,60,100,5.2277882,4.1726127,6.4378885
123,China,Hubei province (excluding Wuhan #1),0,9,0.6457722,0.2347245,1.2692397
123,China,Hubei province (excluding Wuhan #1),10,19,1.0502812,0.4949974,1.8101099
123,China,Hubei province (excluding Wuhan #1),20,39,0.6428471,0.3448933,1.0298238
123,China,Hubei province (excluding Wuhan #1),40,59,0.6497918,0.390425,0.9776622
123,China,Hubei province (excluding Wuhan #1),60,100,0.4848623,0.2195542,0.8478083
125,Pakistan,Karachi,0,20,43.5738909,25.8950176,62.4225918
125,Pakistan,Karachi,21,40,32.0631089,26.835267,37.6445032
125,Pakistan,Karachi,41,60,33.2581796,25.5794828,41.4979499
125,Pakistan,Karachi,61,100,38.514284,20.8815538,57.9959797
126,Pakistan,Lahore,0,20,44.0744756,39.6139904,48.6523118
126,Pakistan,Lahore,21,40,47.080811,45.0880101,49.2991398
126,Pakistan,Lahore,41,60,51.8661318,48.7875791,55.0710882
126,Pakistan,Lahore,61,100,46.3689392,40.1733076,52.7641271
140,India,"Mumbai (3 wards, age-specific)",0,24,58.6668207,53.9798803,63.4498438
140,India,"Mumbai (3 wards, age-specific)",25,39,47.7811898,44.6856102,51.0189596
140,India,"Mumbai (3 wards, age-specific)",40,60,48.6720675,45.8591469,51.582898
140,India,"Mumbai (3 wards, age-specific)",61,100,41.2518805,36.840694,45.9169142
144,Poland,Katowice region (Gliwice + Katowice + Sosnowiec),0,6,7.3299059,1.3798661,17.550849
144,Poland,Katowice region (Gliwice + Katowice + Sosnowiec),7,14,13.8325165,6.2577417,23.7784375
144,Poland,Katowice region (Gliwice + Katowice + Sosnowiec),15,18,28.0246876,14.7894662,43.304071
144,Poland,Katowice region (Gliwice + Katowice + Sosnowiec),19,25,19.0613819,10.290673,29.8200208
144,Poland,Katowice region (Gliwice + Katowice + Sosnowiec),26,35,15.9603762,10.3332786,22.4749852
144,Poland,Katowice region (Gliwice + Katowice + Sosnowiec),36,65,12.4565925,9.4075889,15.6684595
144,Poland,Katowice region (Gliwice + Katowice + Sosnowiec),66,75,6.2675193,2.6958789,10.7522148
144,Poland,Katowice region (Gliwice + Katowice + Sosnowiec),76,100,5.1812804,0.8630445,12.6679865
148,Colombia,Córdoba: 8 cities,10,14,48.0795327,30.9326609,64.6163729
148,Colombia,Córdoba: 8 cities,15,19,42.2204955,29.2114131,54.5883178
148,Colombia,Córdoba: 8 cities,20,29,36.9936282,27.8853501,44.8305318
148,Colombia,Córdoba: 8 cities,30,39,34.8397463,25.847821,42.2983275
148,Colombia,Córdoba: 8 cities,40,49,40.1407142,31.247453,47.8203681
148,Colombia,Córdoba: 8 cities,50,59,30.3674918,20.6523783,38.3390695
148,Colombia,Córdoba: 8 cities,60,69,40.4357859,30.8666829,49.0745991
148,Colombia,Córdoba: 8 cities,70,100,31.1490307,19.8941805,41.554779
156,Jordan,National Study,0,4,27.0304819,18.2803256,36.4926253
156,Jordan,National Study,5,9,37.1476417,31.0287742,43.5945417
156,Jordan,National Study,10,14,35.5724539,30.3876685,41.1184035
156,Jordan,National Study,15,19,35.8365181,30.8595121,41.1054352
156,Jordan,National Study,20,29,30.4866732,26.3359475,34.8092751
156,Jordan,National Study,30,59,34.1809981,30.7349573,37.8450042
156,Jordan,National Study,60,64,38.2450365,31.36456,45.6280747
156,Jordan,National Study,65,100,28.6129522,22.1438418,35.4725409
192,Hungary,National Study,15,39,0.3038734,0.034734,0.673511
192,Hungary,National Study,40,64,0.4681464,0.1297946,0.8351921
192,Hungary,National Study,65,100,0.6614935,0.2675519,1.1542132
201,India,Tamil Nadu (iFlash districts),0,100,43.9440959,41.4616347,46.4126142
202,India,Tamil Nadu (Vitros districts),0,100,25.8569643,24.7322707,27.3016252
203,India,Malegaon (city population),0,25,42.2201885,30.2873231,54.8486043
203,India,Malegaon (city population),26,35,33.995208,24.987655,43.7500069
203,India,Malegaon (city population),36,45,44.9643192,34.3322495,56.0675558
203,India,Malegaon (city population),46,60,45.3890783,33.9157221,57.3281152
203,India,Malegaon (city population),61,100,36.0349293,16.2014453,58.6802659
209,Brazil,"Cuiabá, Mato Grosso",20,29,17.1216537,11.0289759,24.3837851
209,Brazil,"Cuiabá, Mato Grosso",30,49,16.7227263,12.5636236,21.4451263
209,Brazil,"Cuiabá, Mato Grosso",50,59,25.2555443,18.227685,33.1636879
209,Brazil,"Cuiabá, Mato Grosso",60,100,15.7616519,10.6256568,21.7575305
216,Brazil,"Várzea Grande, Mato Grosso",20,29,26.2338743,16.7728147,37.2840497
216,Brazil,"Várzea Grande, Mato Grosso",30,49,31.8897093,25.7145322,38.7181033
216,Brazil,"Várzea Grande, Mato Grosso",50,59,27.0813331,19.1412737,36.0497581
216,Brazil,"Várzea Grande, Mato Grosso",60,100,12.8160709,8.1807798,18.5911553
218,Brazil,Pitangueiras,0,100,7.0556983,3.0579113,11.5379443
220,Brazil,Mato Grosso (8 cities),0,29,11.2456116,8.4527466,14.4925937
220,Brazil,Mato Grosso (8 cities),30,49,13.1058712,10.8745611,15.7016775
220,Brazil,Mato Grosso (8 cities),50,59,8.1504798,5.6573827,11.0117767
220,Brazil,Mato Grosso (8 cities),60,100,8.4641301,6.2093332,11.0554709
221,Paraguay,Asunción + Central Department,0,19,19.1280347,11.8354883,25.4400773
221,Paraguay,Asunción + Central Department,20,29,24.6638618,16.4557582,32.4114399
221,Paraguay,Asunción + Central Department,30,39,25.8145008,17.5272185,33.7419679
221,Paraguay,Asunción + Central Department,40,49,20.2930236,11.3716508,28.6663314
221,Paraguay,Asunción + Central Department,50,59,19.2900536,9.8600704,28.6047269
221,Paraguay,Asunción + Central Department,60,100,19.2774297,10.3529279,27.9857313
17,India,Pune (five prabhags/subwards),18,30,54.9010044,48.5569559,62.0332668
17,India,Pune (five prabhags/subwards),31,50,56.0627154,50.8376031,62.3207459
17,India,Pune (five prabhags/subwards),51,65,58.3092323,52.1478573,65.4624615
17,India,Pune (five prabhags/subwards),66,100,40.6387942,32.6897445,49.1814108
22,Mozambique,Beira,0,14,3.3044302,2.313529,4.4220814
22,Mozambique,Beira,15,34,6.9178738,5.6297987,8.2979979
22,Mozambique,Beira,35,59,6.6422854,4.9480233,8.5554056
22,Mozambique,Beira,60,100,4.0482411,1.8526238,6.9882596
25,Mozambique,Matola district (subset of Maputo province),0,14,2.3164513,1.5207369,3.20596
25,Mozambique,Matola district (subset of Maputo province),15,34,3.9149139,3.0038254,4.9135951
25,Mozambique,Matola district (subset of Maputo province),35,59,4.5697245,3.3930211,5.8784523
25,Mozambique,Matola district (subset of Maputo province),60,100,4.1147479,2.5027069,6.0622949
26,Mozambique,Nampula,0,14,2.6199052,0.8695831,4.6696817
26,Mozambique,Nampula,15,34,5.4218241,3.4020822,7.5245052
26,Mozambique,Nampula,35,59,4.5797403,2.2636354,7.289953
26,Mozambique,Nampula,60,100,4.3561959,1.0053798,9.4999896
27,Mozambique,Pemba,0,14,1.4671142,0.30698,3.1794405
27,Mozambique,Pemba,15,34,2.878065,1.157308,5.014039
27,Mozambique,Pemba,35,59,3.0923389,0.9440392,6.0016714
27,Mozambique,Pemba,60,100,5.5053396,1.1616922,12.571458
28,Mozambique,Quelimane,0,14,2.5839832,1.7064241,3.5831837
28,Mozambique,Quelimane,15,34,4.2156873,3.2489897,5.2690888
28,Mozambique,Quelimane,35,59,1.4518579,0.6460682,2.4407482
28,Mozambique,Quelimane,60,100,1.2464923,0.2070056,3.0704724
29,Mozambique,Tete,0,14,0.4247018,0.0490135,1.1692297
29,Mozambique,Tete,15,34,0.9247696,0.1762285,2.0565872
29,Mozambique,Tete,35,59,1.0286835,0.1543756,2.5558566
29,Mozambique,Tete,60,100,3.0180399,0.4209845,7.5528487
30,Mozambique,Chimoio,0,14,0.273343,0.0439835,0.6461081
30,Mozambique,Chimoio,15,34,0.4326062,0.0949423,0.8731049
30,Mozambique,Chimoio,35,59,0.8748198,0.2551164,1.645812
30,Mozambique,Chimoio,60,100,1.5267953,0.3873323,3.1106691
31,Mozambique,Chókwè ,0,14,5.7893058,4.3448121,7.4015501
31,Mozambique,Chókwè ,15,34,5.7613996,4.1932184,7.5738232
31,Mozambique,Chókwè ,35,59,4.9788872,3.0496819,7.3049407
31,Mozambique,Chókwè ,60,100,4.1317169,1.6706633,7.4776656
32,Mozambique,Maxixe,0,14,4.7583014,3.5664759,6.0562616
32,Mozambique,Maxixe,15,34,5.4705125,4.0402927,7.0687127
32,Mozambique,Maxixe,35,59,5.1199886,3.3941447,7.0633973
32,Mozambique,Maxixe,60,100,4.1743245,1.9966453,6.9249248
33,Mozambique,Massinga,0,14,4.4849617,2.7122891,6.5314765
33,Mozambique,Massinga,15,34,10.565448,7.8190577,13.5811741
33,Mozambique,Massinga,35,59,7.4262259,4.3022786,11.1616685
33,Mozambique,Massinga,60,100,7.2095781,2.8097604,13.1031301
34,Mozambique,Xai-Xai,0,14,2.4475621,1.6535339,3.3092182
34,Mozambique,Xai-Xai,15,34,3.9934888,3.0255671,5.0469331
34,Mozambique,Xai-Xai,35,59,5.0083675,3.5979203,6.5986329
34,Mozambique,Xai-Xai,60,100,5.0781552,3.0637368,7.5108303
37,Nigeria,Niger State,0,5,12.3890054,2.2945833,28.8747186
37,Nigeria,Niger State,6,17,19.5266061,7.7165362,34.461912
37,Nigeria,Niger State,18,29,17.8455086,7.437351,30.9063712
37,Nigeria,Niger State,30,41,31.1919578,19.0691102,44.6119759
37,Nigeria,Niger State,42,53,30.1854072,17.0159131,44.7156286
37,Nigeria,Niger State,54,65,27.6352505,12.537682,45.6605711
37,Nigeria,Niger State,66,100,24.2397517,6.8395576,47.9930658
55,Dominican Republic,10 Provinces,0,100,7.5845167,4.8071077,10.3011238
58,Ecuador,Cuenca,0,19,10.9176428,7.7337127,14.4689362
58,Ecuador,Cuenca,20,34,11.3110362,8.6065548,14.2052153
58,Ecuador,Cuenca,35,49,15.7701535,12.658562,19.0119801
58,Ecuador,Cuenca,50,64,13.399123,10.1610247,16.9734065
58,Ecuador,Cuenca,65,100,12.7160817,8.8376661,16.9499784
88,India,Odisha: Rourkela,0,19,21.3943227,10.8362342,34.361909
88,India,Odisha: Rourkela,20,29,23.2167314,17.9818523,28.9912509
88,India,Odisha: Rourkela,30,39,23.9692359,19.5036718,28.7154339
88,India,Odisha: Rourkela,40,49,22.9392421,18.6327709,27.5644476
88,India,Odisha: Rourkela,50,59,22.7788273,18.1098517,27.9016327
88,India,Odisha: Rourkela,60,100,28.5177114,22.8399146,34.6174321
94,Albania,"Tirana (city, not county)",0,100,51.7126448,46.936972,57.663353
96,Cameroon,Cité Verte (of Yaoundé),5,14,29.4193157,23.6855772,35.6605841
96,Cameroon,Cité Verte (of Yaoundé),15,29,31.0207589,25.8513205,36.4372362
96,Cameroon,Cité Verte (of Yaoundé),30,44,33.316446,26.8598815,40.1433912
96,Cameroon,Cité Verte (of Yaoundé),45,64,33.9636502,26.724468,41.8193403
96,Cameroon,Cité Verte (of Yaoundé),65,100,36.4061668,23.0987167,51.0227371
97,Ethiopia,"Jimma town, Seka, Manna",0,100,0.6713039,0.1492266,1.4271181
100,South Africa,Jouberton,0,4,7.5655775,2.069321,16.2411089
100,South Africa,Jouberton,5,12,10.4121543,5.5795533,16.5432948
100,South Africa,Jouberton,13,18,19.3125291,11.4766164,28.4671037
100,South Africa,Jouberton,19,34,10.8448731,5.6667686,17.3294479
100,South Africa,Jouberton,35,59,29.8254376,21.7166726,38.6990552
100,South Africa,Jouberton,60,100,7.6012695,2.3984596,15.1740022
101,South Sudan,Juba,1,4,40.6412189,26.7883488,55.9981442
101,South Sudan,Juba,5,9,33.7157727,25.5106567,42.4854564
101,South Sudan,Juba,10,19,40.6907481,34.0972084,47.5110561
101,South Sudan,Juba,20,29,28.3178171,22.4787518,34.4204154
101,South Sudan,Juba,30,39,24.6884595,18.0696374,31.6088455
101,South Sudan,Juba,40,49,27.2420402,18.0096629,37.5408823
101,South Sudan,Juba,50,64,36.9782661,25.9677295,48.8786062
101,South Sudan,Juba,65,84,32.2181265,19.8161117,46.2965029
105,Iraq,"Iraq: Duhok (city, not governorate)",0,100,62.7599937,59.0705933,66.5676529
107,United Arab Emirates,"Abu Dhabi, Al Ain, Al Dhafra",0,4,4.6733427,1.9161498,8.3771994
107,United Arab Emirates,"Abu Dhabi, Al Ain, Al Dhafra",5,9,1.7152686,0.7732258,2.8160851
107,United Arab Emirates,"Abu Dhabi, Al Ain, Al Dhafra",10,19,3.5254534,2.2145693,5.0106906
107,United Arab Emirates,"Abu Dhabi, Al Ain, Al Dhafra",20,29,11.0004121,9.4326754,12.8743672
107,United Arab Emirates,"Abu Dhabi, Al Ain, Al Dhafra",30,39,12.1552282,10.4628676,14.192727
107,United Arab Emirates,"Abu Dhabi, Al Ain, Al Dhafra",40,49,9.7586517,7.874938,11.9137269
107,United Arab Emirates,"Abu Dhabi, Al Ain, Al Dhafra",50,59,8.7801726,6.0788331,11.875715
107,United Arab Emirates,"Abu Dhabi, Al Ain, Al Dhafra",60,100,4.7241803,1.9815188,8.3700888
108,India,"Jabalpur (city, not district)",0,18,35.435731,31.3403839,39.8108131
108,India,"Jabalpur (city, not district)",19,45,35.8658397,33.1445278,38.7042556
108,India,"Jabalpur (city, not district)",46,60,41.4287864,37.7749957,45.2057484
108,India,"Jabalpur (city, not district)",61,100,36.6784988,32.4413513,41.1742188
122,India,"Indore (city, not district)",0,17,8.6116102,6.3983748,10.4874302
122,India,"Indore (city, not district)",18,44,8.4068617,6.2958971,10.1422327
122,India,"Indore (city, not district)",45,60,12.3345788,9.5217433,15.1059518
122,India,"Indore (city, not district)",61,100,10.3988274,6.8368166,14.1919603
124,China,"Provinces: Beijing, Shanghai, Guangdong, Jiangsu, Sichuan, Liaoning",1,9,0.2139182,0.0269119,0.5955432
124,China,"Provinces: Beijing, Shanghai, Guangdong, Jiangsu, Sichuan, Liaoning",10,19,0.2004342,0.0234458,0.5615727
124,China,"Provinces: Beijing, Shanghai, Guangdong, Jiangsu, Sichuan, Liaoning",20,39,0.0665006,8.12E-03,0.1868225
124,China,"Provinces: Beijing, Shanghai, Guangdong, Jiangsu, Sichuan, Liaoning",40,59,0.1182001,0.0274099,0.2687137
124,China,"Provinces: Beijing, Shanghai, Guangdong, Jiangsu, Sichuan, Liaoning",60,100,0.0899518,0.0104834,0.2487347
128,Democratic Republic of Congo,Kinshasa,0,17,14.1278879,10.2123621,18.4783479
128,Democratic Republic of Congo,Kinshasa,18,39,12.5141932,9.4510267,15.9059125
128,Democratic Republic of Congo,Kinshasa,40,100,20.3562878,16.2771633,24.6863851
129,Libya,Benghazi,0,100,0.3377496,0.0400329,0.9310883
151,Argentina,"AMBA (Metropolitan Area of ​​Buenos Aires), 30 barrios",0,100,14.7972215,13.5452708,15.9854136
206,India,Hyderabad,10,19,54.9500271,52.2937047,57.8088696
206,India,Hyderabad,20,29,53.0538406,50.6794702,55.6892146
206,India,Hyderabad,30,39,57.0983506,54.7160173,59.7211636
206,India,Hyderabad,40,49,54.1098914,51.4660478,56.9210564
206,India,Hyderabad,50,59,57.0142404,53.9433654,60.2395146
206,India,Hyderabad,60,69,51.1206621,47.3584789,54.9943586
206,India,Hyderabad,70,100,47.4665872,42.2802947,52.7791599
